id,angle,correct,response_time
1,180,1,2452.6642844598773
1,150,1,2536.3425262099922
1,120,1,2456.3954945860464
1,180,1,2744.6374110841734
1,120,0,2389.2440701802434
1,120,0,2145.2692130896817
1,180,1,3078.6733979018013
1,120,0,2187.049904270314
1,180,1,2870.7798422253964
1,180,1,2439.18490947445
1,120,1,2568.5210287742298
1,150,1,2488.4678220126916
1,10,1,1543.744041660015
1,30,1,1803.8691339526824
1,180,1,3136.3477392262216
1,10,1,1764.3076792949346
1,90,1,2319.5455701604355
1,90,0,2189.4950958347404
1,0,1,1925.3783166723301
1,30,1,1957.0521793400612
1,180,1,2406.1775527537216
1,10,1,1647.5977488332621
1,150,0,2314.4598126985893
1,10,1,1622.9269483581184
1,90,1,1855.7390980491114
1,0,1,1567.591959959591
1,0,1,1565.4231691919636
1,0,1,1653.1089881368353
1,10,1,1475.4085938648375
1,90,0,2088.5279650331545
1,45,1,1807.9118077469898
1,30,1,1705.902127333347
1,120,1,2260.5550281238293
1,90,1,2082.0980305629814
1,10,1,1324.546356895104
1,0,1,1471.3023881319793
1,120,1,2564.705319188097
1,150,0,2392.4677974706456
1,180,1,2743.045981731046
1,90,1,2089.6456287830088
1,0,0,1681.4124481623244
1,150,1,2825.000655814285
1,150,1,2398.2617934676364
1,10,1,1603.2763648618354
1,90,1,2175.909700109341
1,45,1,2223.6887544913334
1,180,1,2956.881106264504
1,10,1,1164.2347725841178
1,30,1,1621.0932766329443
1,150,1,2535.3496923253033
1,45,1,1657.8650035104017
1,90,0,2120.5314376373276
1,120,1,2246.548851901109
1,180,1,2715.0732128080253
1,180,1,2897.475302309164
1,90,0,2063.45763862531
1,120,1,2204.440725907857
1,10,1,2000.5386070899463
1,30,1,1562.6115036878418
1,10,1,1858.3581424948866
1,45,1,1632.3284006015645
1,120,1,2444.6261974741337
1,10,0,1540.5056039818671
1,30,1,1280.2819757951863
1,120,1,2034.6274760006047
1,150,0,2376.3980258661154
1,150,1,2558.524009513337
1,90,1,2466.4136508394936
1,30,1,1721.3621298710218
1,90,1,2119.722255779304
1,150,1,2485.2620578042734
1,45,1,2370.1934136064783
1,0,1,1710.141867557997
1,150,0,2532.4713475479084
1,120,1,2499.64474407355
1,90,1,2056.4769080155456
1,30,0,1229.4057595433774
1,10,1,1524.6198289667482
1,30,1,2062.867673745926
1,30,1,1744.1866982404483
1,30,1,1506.9614203703882
1,150,1,2675.0496608916837
1,0,1,1420.6166990305267
1,90,1,1927.0207684827235
1,120,0,2449.1783834734274
1,150,1,2746.7085016972583
1,180,1,2883.288569896222
1,30,1,1614.2382652861816
1,180,0,3024.8656276449974
1,150,1,2339.000525848426
1,30,1,1842.0685785140638
1,45,1,1821.8909130250183
1,150,1,2319.8461689341793
1,30,0,1548.8013897331598
1,180,1,2707.5175867949456
1,45,1,1706.347743041274
1,45,1,1752.7576052283025
1,0,1,1520.098559060021
1,10,1,1497.2505965222558
1,45,1,1655.1848874186321
1,45,1,1925.5767788415783
1,45,0,1422.1991425485714
1,150,1,2566.069867435484
1,120,1,2240.5434476706637
1,120,1,2227.020503183114
1,30,0,1635.4650121133293
1,10,1,1269.321573077333
1,180,1,2631.084469221459
1,150,1,2620.52919982721
1,30,1,2065.4208203745425
1,45,1,1783.1129692084464
1,120,1,2196.962784935462
1,0,1,1316.101912928793
1,45,0,1609.4296877786917
1,10,1,1072.151753083083
1,0,1,1585.0490796411366
1,45,1,1923.6382742758906
1,0,1,1290.0058052584768
1,10,1,1643.0901627584694
1,180,1,3144.252511128574
1,0,1,1391.788477913654
1,180,1,2623.1427293263832
1,120,1,2149.345751701339
1,45,1,1694.76501506245
1,90,0,1997.4249709422988
1,150,1,2530.2794251175587
1,10,1,2007.2293703558814
1,0,1,1293.8439678939894
1,30,1,1365.9910101235141
1,30,1,1488.1896230399889
1,45,1,2026.6201968804496
1,120,0,2288.6592212022947
1,0,1,1745.7034916298303
1,150,1,2792.948650744266
1,10,1,1109.707988880731
1,0,1,1472.9776198207912
1,0,0,1510.6995582442985
1,0,1,1267.2057333406576
1,45,1,1873.0418813899876
1,90,1,2454.742342827264
1,45,1,1658.7649479106651
1,90,1,2419.444596060245
1,10,1,1532.7547204265627
1,10,1,1853.5682742195318
1,90,0,1926.3486256913704
1,180,1,2581.4523115261222
1,150,1,2486.4711361392137
1,90,1,1971.1859275618622
1,30,1,1692.2356045743898
1,45,1,2188.283683395772
1,90,1,2703.811021878364
1,120,1,2267.236327730974
1,180,0,2579.3702415536827
1,0,1,1270.3434757014084
1,30,1,1637.04540659749
1,90,1,1904.3702877569383
1,0,0,1835.4228666312952
1,180,1,2461.963604021892
1,120,1,2112.0065226114343
1,45,1,1591.929051031109
2,0,0,1154.3341965702048
2,150,1,2313.743277221793
2,150,1,2706.9001107239947
2,10,1,1674.8064607968633
2,0,1,1764.4804834095426
2,0,1,1711.8027324750412
2,150,0,2274.5991839464095
2,10,0,1421.0527774026332
2,150,1,2828.7810169154
2,10,1,1577.0577238140668
2,150,0,2651.0265173232497
2,45,0,2058.676929611999
2,0,1,1491.6127654575541
2,180,1,3134.8867565607643
2,180,1,2451.259270075889
2,90,1,2142.6628753189316
2,10,1,1622.1502903710384
2,120,1,2164.2149945995548
2,10,1,1648.8086590729483
2,120,1,2077.4615972979523
2,180,0,3358.808136934804
2,30,0,1921.06211408529
2,120,1,2301.52902222046
2,10,0,1185.3650347564148
2,180,0,2487.5866333946924
2,45,1,1448.2234152580395
2,30,1,1880.8354273097693
2,120,1,2274.5287127457345
2,180,1,2473.865679977239
2,0,1,1545.8343036489964
2,45,1,1558.1520826220558
2,150,1,2613.1818154679954
2,120,1,1866.7174885404434
2,180,1,2844.940480361848
2,90,1,2486.6107489544443
2,0,0,1370.3889576732722
2,10,1,1595.5207892871529
2,150,1,2361.356436604124
2,45,0,1343.9693452760566
2,45,1,1650.5884084489546
2,150,1,2782.808444830475
2,30,1,1777.4098868218443
2,90,1,2340.9101959175055
2,0,0,1552.1492472422644
2,45,1,1942.4454097027622
2,0,0,1402.8366485023357
2,10,1,1856.9981242506205
2,180,1,2656.219069694219
2,0,1,1623.4542834084393
2,30,1,1873.7943637960184
2,30,1,1610.0398058353474
2,180,0,2788.23473895708
2,180,1,2843.22773994856
2,45,0,2037.410947492691
2,180,1,2741.777871920855
2,0,1,1046.064376694219
2,150,0,2872.1161217653735
2,90,1,2201.1663838330355
2,30,1,1753.8097607793277
2,45,1,2055.1476674430496
2,120,0,2370.353096911951
2,120,1,2189.2239617075747
2,90,1,2120.945911347853
2,30,1,1860.5979863337898
2,90,1,2108.4719571015858
2,30,1,1821.6928186580815
2,90,1,2342.016840041224
2,150,1,2530.181191608563
2,90,0,2337.270017222644
2,120,1,2050.0401689348037
2,10,1,1723.2535125642764
2,10,1,1450.2842702685405
2,150,1,2243.997020688575
2,0,1,1604.2127347273124
2,30,0,1598.0779436433982
2,150,0,2789.6380648667555
2,45,1,1615.0927833123587
2,90,1,2219.8687796309955
2,45,1,1734.087103899153
2,10,0,1252.4113237722322
2,120,1,2642.7192960662974
2,30,0,1452.0225844952467
2,90,1,2437.7788458825967
2,90,1,2054.9967520483447
2,0,1,1533.2682268824028
2,120,1,2286.334542384958
2,45,1,1897.4742030687046
2,90,1,1791.3511388425807
2,30,1,1944.116305286153
2,180,1,2800.3969068249094
2,30,1,1579.1912637034286
2,120,1,2368.4090039097327
2,120,1,2336.3453935534035
2,45,1,2000.3926565367035
2,45,1,1997.880325178735
2,45,1,1709.9620234812824
2,10,0,2005.9268679434817
2,0,1,1842.5243447691919
2,30,0,1721.2682711520333
2,150,1,2323.5739047563125
2,90,1,1954.3690622014906
2,120,1,2637.9964933396004
2,10,1,1574.1148876900666
2,150,1,2526.3743673972613
2,180,0,2741.329127280054
2,45,1,1984.5682517799464
2,0,1,1677.8205573097093
2,180,1,2742.57615733893
2,90,1,2087.2606805817745
2,180,0,2887.768013900292
2,150,1,2979.2597711723683
2,120,1,2183.0977425209276
2,10,0,1644.482230593503
2,0,1,1082.7194159800335
2,90,1,2081.43369040193
2,10,1,1610.7901007634418
2,150,0,2664.175251008658
2,90,1,2268.967056209289
2,90,1,1787.5637440415414
2,10,1,1706.540974503706
2,120,1,2333.553051553922
2,0,1,1511.2089044913953
2,90,1,1786.8898849687967
2,120,1,2546.10391209666
2,90,1,2398.9453839662156
2,45,1,2162.210688770376
2,180,1,2786.33498281879
2,0,1,1518.555491179296
2,30,1,1897.0567086176309
2,10,1,1559.5878998848732
2,0,1,1430.7793895113778
2,150,1,2617.6025526169483
2,30,1,1390.714531916131
2,90,1,1912.9370678444618
2,150,1,2594.9523038485227
2,0,1,1563.1760212111203
2,150,1,2771.9872277074764
2,180,1,2788.575758331521
2,180,0,2741.2781712773917
2,30,1,1765.8717061352256
2,30,1,2059.8111617433724
2,10,0,1713.5613745926091
2,45,1,1372.8725094429128
2,30,1,1817.0885081597733
2,45,1,1870.4730066038433
2,10,1,1599.9845823667122
2,45,1,2093.642358522931
2,150,1,2496.768505628823
2,30,1,1989.1422171587615
2,0,1,1505.3499828727383
2,120,1,2369.7181496181147
2,120,1,2509.611772577321
2,180,1,2598.890104397368
2,10,0,1625.5032199428124
2,180,1,2628.2139061675334
2,180,1,2457.449470194055
2,30,0,1706.5195477461648
2,120,1,2090.8721717054755
2,45,1,1835.4926340100053
2,120,1,2261.9010973823824
3,150,1,2283.515922422056
3,30,0,1562.2406830035272
3,45,1,1809.7299550561193
3,30,1,1537.9064642434641
3,0,1,1365.3493282642926
3,120,1,2122.9252868875765
3,90,1,2055.877236914745
3,120,1,2291.043587426678
3,10,1,1429.3295816854497
3,120,1,1863.1339236804554
3,150,0,2549.062540181642
3,30,0,1643.6990670981556
3,45,1,2146.6898757347735
3,120,1,2369.075761463671
3,0,1,1479.7126386615232
3,90,0,2253.968411288417
3,180,1,2459.9143456773922
3,180,1,2881.4231648036452
3,45,1,1707.20555736979
3,45,1,1914.2217689717831
3,45,1,1420.3651130490086
3,150,1,2484.2604119347416
3,10,1,1393.3911878986373
3,120,0,2045.1236940757606
3,10,1,1508.0046295185628
3,10,1,1420.155455191524
3,45,1,1644.4872454267884
3,45,1,1775.1826335836215
3,0,1,1440.5585322724282
3,0,1,1367.5789704354413
3,150,1,2777.4944305001713
3,10,1,1659.5400938842004
3,30,1,1678.1112435038121
3,30,1,1855.588098914614
3,30,0,1660.19328755563
3,150,0,2223.7570549693064
3,0,1,1708.1761475949415
3,90,0,2427.4698595800432
3,10,1,1409.893750653205
3,45,1,1676.7328917845011
3,30,1,1827.9948784339144
3,90,1,1887.9905924084026
3,0,1,1233.993428882004
3,180,1,2918.302936069679
3,30,1,1895.2113838624175
3,45,1,1781.9379198988597
3,120,1,2640.3976651370353
3,10,1,1874.7817800626883
3,30,1,1717.0307559887583
3,45,1,1796.708818742084
3,150,1,3004.0614570153457
3,0,1,1363.8119492931644
3,150,1,2388.706576814276
3,45,1,1890.9730693756717
3,0,1,1529.035466075811
3,90,1,2230.4159322430182
3,120,1,2305.396559902161
3,10,0,1472.5168994529188
3,150,1,2416.448799457637
3,180,1,2511.02713699431
3,90,1,2074.3416461426796
3,180,0,2806.790585790375
3,45,1,2028.6057557010713
3,180,1,2548.1283928396124
3,0,1,1256.3114739626787
3,180,1,2861.4245333810663
3,120,1,1977.5547780798317
3,90,0,2223.7069887512625
3,0,1,1265.717526357872
3,90,1,2030.6067156475556
3,30,1,1801.9286935277453
3,180,1,2716.3557747295135
3,90,1,2254.2106617665445
3,30,1,1506.430810957025
3,120,1,2090.9976359615
3,30,1,1541.71287976771
3,90,1,2225.132404084939
3,120,1,2432.588511813869
3,10,1,1464.9439290563428
3,120,1,2401.5515014759103
3,45,1,1947.4158437659858
3,45,1,1503.78736945718
3,0,0,1653.815444675323
3,90,1,1818.1205646274184
3,0,0,1268.7066851897548
3,150,1,2973.202439429501
3,150,1,2374.8694881153237
3,10,1,1470.1815728667273
3,180,0,2608.28237859131
3,180,1,2645.699530819238
3,180,1,2123.950491129278
3,150,1,2859.5275939758626
3,30,1,1855.5697324129587
3,90,0,1937.2264267829794
3,180,1,2738.846272280631
3,150,1,2276.165508979998
3,120,0,2313.9276370451394
3,90,1,1779.3097916977524
3,45,1,1496.3812122567676
3,10,1,1839.2104098870059
3,90,0,2183.9619730010268
3,30,1,1873.0231657674458
3,150,1,2273.306337504995
3,120,1,2741.8748145352192
3,120,1,2475.982446968821
3,10,0,1535.5537618552903
3,150,0,2264.319482453689
3,45,1,1864.080390554544
3,150,1,2493.8934135228274
3,10,0,1613.2833397816771
3,150,1,2456.105448874439
3,10,1,1335.3057265267216
3,90,1,1668.7315589500529
3,180,1,2797.4147875739745
3,30,1,1645.0212548976153
3,180,1,2660.7409774196603
3,10,1,1635.4791285831293
3,150,1,2680.0134821388942
3,90,1,1922.1874717617252
3,150,1,2540.171959567556
3,10,1,1480.2863139770902
3,90,1,1875.2344529212357
3,120,1,2625.0663007945464
3,120,1,2372.713185958264
3,180,1,2776.0224362847084
3,0,1,1220.5914652364863
3,150,1,2636.532913306902
3,10,1,1396.400980374005
3,45,1,2232.087952525693
3,45,1,2056.2120797575685
3,0,0,1447.873348979594
3,0,1,1559.6341536679283
3,90,1,2146.457884301904
3,120,1,2463.5527330961577
3,180,1,2854.141795687855
3,10,1,1140.432868998363
3,120,1,2641.55988817006
3,0,0,1358.646136415445
3,180,1,2552.8516241940015
3,180,1,2811.754125725831
3,30,1,1719.7504220986277
3,120,1,2533.391395872205
3,180,1,2502.0975180295145
3,45,1,1465.8659349273753
3,120,1,2377.5836945619362
3,0,1,1643.028742328476
3,30,1,1559.529757578859
3,150,1,2668.620815760988
3,10,0,1608.2306371759441
3,10,1,1485.4616097957112
3,90,1,2380.3964167033596
3,30,1,2011.639858433272
3,90,1,1627.5671846389434
3,45,1,1856.8657808867451
3,30,0,1768.5978703824867
3,0,1,1596.2387343093621
3,0,1,1133.150965604912
3,30,1,1766.5731056647346
3,180,1,2686.6937768720913
3,0,1,1357.9803325168198
4,120,1,2533.2671716002083
4,10,1,1557.6286725943041
4,10,1,1838.6932120827398
4,30,1,1812.0657990276916
4,90,1,2164.6920529599656
4,150,1,2354.812144631872
4,10,1,1540.6280434076934
4,180,1,2777.4240162181454
4,120,0,2165.6844276100346
4,45,1,1441.273518046659
4,10,1,1396.1048950529907
4,45,0,1825.1609634255221
4,30,1,1437.3864231459713
4,10,1,1404.140550281033
4,0,1,1393.2625364112566
4,0,1,1763.1381112870345
4,120,1,2306.561940161054
4,10,1,1235.4852010180257
4,30,1,1683.204094564976
4,45,0,2054.646941517114
4,180,1,2857.4235576201045
4,120,1,2666.5435541007237
4,10,1,1744.2698748427817
4,180,1,2831.476936638944
4,45,1,1933.318150320091
4,0,1,1400.80405249274
4,90,0,2064.725569100197
4,90,1,1945.5411799982585
4,0,1,1088.0869001850072
4,120,1,2423.087439457032
4,0,1,1431.5547159051255
4,90,1,2019.6815423153935
4,10,1,1819.2833825672215
4,150,1,2680.61403220919
4,30,0,1821.9751157874457
4,30,1,1689.6274176405097
4,10,1,1520.1876123717627
4,150,1,2448.2455591094304
4,45,1,1619.456276234184
4,0,1,1574.8049908435655
4,30,1,1798.9881964707897
4,10,1,1481.4264249262906
4,30,1,1859.828752679271
4,180,1,2917.7427789680487
4,120,1,2811.6493637740377
4,90,0,2255.428731723406
4,0,1,1753.8827790842806
4,30,1,1921.9495877180602
4,10,1,1562.1956618012234
4,90,1,2067.9914544257035
4,10,1,1751.7390668228907
4,120,0,2271.687128717361
4,90,1,2138.7191695365254
4,0,1,1477.8103579376955
4,45,1,1394.8957004843733
4,30,1,1818.2377911076499
4,180,1,2827.0864306181875
4,45,1,1627.2220988371769
4,45,1,2021.7826740859357
4,45,1,1861.2654446816196
4,120,1,2136.4484972015543
4,0,1,1276.7366813702197
4,30,1,1741.573136680167
4,90,1,2170.950856427405
4,180,1,2363.023695684032
4,150,1,2699.995939782301
4,180,1,2864.130568031035
4,10,1,1413.3456844095347
4,180,1,3038.3159109437725
4,150,1,2476.2847898431437
4,30,1,1482.2496618182554
4,30,1,1703.371386064058
4,30,1,1787.868347295985
4,0,1,1203.1310934395208
4,90,1,2265.7834857724133
4,90,1,1993.3062519635469
4,150,1,2722.4639774384273
4,0,1,1431.595370106549
4,90,1,2086.8765430800063
4,120,1,2043.2772993343585
4,45,1,1737.9326860268561
4,150,1,2658.002741282813
4,120,0,2422.6169909146493
4,30,1,1834.0240902850824
4,30,0,1565.6774720059339
4,180,1,2490.1959034538318
4,180,1,2837.9506899762782
4,150,0,2716.148942013773
4,90,1,2234.4362857048027
4,150,1,2615.5423536483736
4,120,1,2441.401369935233
4,45,0,1694.707843702255
4,0,0,1562.9471180042892
4,45,1,1593.694504987198
4,180,1,2996.617253939298
4,0,1,1605.085949333737
4,10,1,1771.5383750360159
4,10,1,1643.2101927233791
4,150,1,2418.6600840890464
4,150,1,2207.979456155018
4,10,1,1553.3224099605416
4,150,1,2527.9097527762474
4,0,0,1345.8779045987756
4,180,0,2769.6185073680267
4,120,1,2509.7479286909424
4,45,1,2064.330315772041
4,150,1,2513.4301931888635
4,120,0,2236.733960669904
4,180,1,3031.097015065728
4,120,0,1639.0384191469666
4,30,1,1718.6245012180689
4,30,1,1620.7673165198103
4,90,1,2257.1872609462566
4,120,1,2168.9417032145466
4,150,0,2534.07869297554
4,120,1,2175.618934398887
4,150,1,2613.280530244217
4,90,1,1802.8437152877739
4,30,1,1732.122567071803
4,30,1,1595.348870130158
4,0,0,1214.1034511737275
4,180,1,2871.2290913027973
4,150,0,2310.8689598396095
4,120,1,2447.6280931561528
4,180,1,2666.4854105000486
4,180,1,2606.746350400143
4,0,1,1208.927475262859
4,120,1,2441.6052803345365
4,150,1,2383.469699329776
4,45,1,1859.2921243396518
4,150,1,2681.9795610668357
4,45,1,1416.1249135791795
4,90,1,1951.517657810925
4,45,1,1570.9415980972642
4,90,1,2587.3418955565585
4,90,1,2159.627305668671
4,90,1,2106.68540015951
4,45,1,2007.1986480563273
4,180,1,2515.551670532175
4,10,1,1515.0072123047582
4,180,1,2573.087049709526
4,180,0,2490.9051994593674
4,45,1,1550.4963873560441
4,120,0,2051.53276174074
4,0,0,1469.8991515121686
4,180,0,2967.9344556389565
4,120,1,2415.113650996704
4,0,1,1181.253847144746
4,30,1,2190.5824698613037
4,0,1,1311.2910832538385
4,0,1,1831.1800165544018
4,45,0,1944.9278643220891
4,90,1,1917.6900663339934
4,45,1,1953.3876220846562
4,150,1,2649.917604931101
4,150,1,2597.767077139869
4,10,1,1516.5502313613692
4,10,1,1778.8799199138875
4,90,1,2163.9950384355584
4,10,1,1316.8340429769673
5,120,1,2129.6192165592447
5,150,1,2473.981567334517
5,120,1,2174.168157895871
5,45,1,2068.394557633721
5,90,1,1981.4506802265314
5,10,1,1514.0257162932187
5,30,1,1730.6528262617028
5,90,1,2098.209465035193
5,45,1,1710.2672264727237
5,0,1,1664.9533972231914
5,10,1,1573.913756414398
5,0,1,1750.160568299089
5,45,1,1917.398697961744
5,180,1,2970.9735636500905
5,10,0,1806.2536758244871
5,0,1,1020.4526288653731
5,120,1,2351.2513965693256
5,90,0,2307.5243240290247
5,10,0,1587.1144151163269
5,180,1,2775.41940837469
5,120,1,2085.2176593420163
5,180,1,2618.2091503630977
5,90,1,1934.043047696943
5,45,1,1748.0095366729145
5,30,1,1834.4237139732932
5,90,1,1921.4057384794169
5,90,1,1987.527376472741
5,0,1,1220.713589745988
5,10,1,1591.8911320824834
5,0,1,1189.4024469817703
5,0,1,1391.4982253447274
5,150,1,2604.103110122442
5,90,1,1894.2358675172745
5,90,1,2152.9299044591244
5,90,1,2110.6744969505344
5,180,1,2967.56265560428
5,30,0,1780.205058806914
5,0,1,1443.7965832888062
5,180,1,2491.007669398829
5,120,1,2758.200510337453
5,150,1,2457.0226158200994
5,90,1,1959.7090483835411
5,30,1,2369.612128541472
5,150,1,2833.936684407573
5,150,1,2213.621130007945
5,150,1,2745.207364489219
5,45,1,1641.3768962352403
5,120,1,2389.0231547072
5,30,0,1586.4791116422155
5,30,1,1674.9773481357245
5,0,1,1332.8393491744496
5,120,1,2472.20445197254
5,180,1,2553.850149845186
5,30,1,1692.1473029026606
5,180,1,2738.8603669443814
5,30,1,1889.7990848390778
5,30,1,1850.008310160781
5,120,1,2635.2445056381603
5,180,1,3069.2238119923422
5,0,1,1586.4754938847248
5,0,0,1482.8765287636961
5,120,1,1926.052405807643
5,10,1,1545.0942540015326
5,90,1,2045.0568050036604
5,150,1,2586.274816053707
5,10,1,1640.1848011209759
5,90,1,1935.92219359369
5,90,1,2234.9904468285195
5,30,0,1570.8458932695698
5,30,1,1514.5932270507706
5,0,0,1654.1710494933754
5,120,1,2348.307097316925
5,10,1,1596.0759351897839
5,150,1,2474.4235837338006
5,45,1,2019.9028043694404
5,120,1,2189.0256832622854
5,150,1,2447.3498177659926
5,10,1,1677.3799183348924
5,180,1,2927.37091411425
5,45,1,2022.463175907235
5,10,1,1243.853799141591
5,0,1,1660.8998725084932
5,180,1,2658.6473009568504
5,150,1,2466.1507770430517
5,45,1,1791.739565454036
5,0,1,1451.7980775404465
5,0,1,1771.491408392636
5,90,1,1982.756194534733
5,150,1,2843.684667744046
5,45,1,1722.341804703267
5,0,1,1571.9255129137691
5,30,1,1538.911586071288
5,45,1,2153.987817462928
5,120,1,2214.0309670249994
5,180,1,2669.0102075017585
5,30,1,1678.0434887132594
5,90,1,1924.5454497358048
5,90,1,2306.2247125311533
5,180,1,2480.4697783807906
5,180,1,2807.096241355222
5,10,0,1343.683674692272
5,45,1,1783.8985916314691
5,180,1,2590.583850162019
5,0,1,1358.8931193035507
5,10,1,1323.6103272679088
5,0,1,1615.2808608356463
5,120,1,1966.953854131259
5,30,1,1552.128250009477
5,10,1,1760.1861713972332
5,10,1,1405.9001705735484
5,10,1,1637.1887404226045
5,120,0,2582.2979340461493
5,150,1,2741.579348009083
5,45,0,1578.8492826281347
5,45,0,1937.673150496509
5,120,0,2551.4279413363192
5,150,1,2479.4136864183206
5,150,1,2594.4179730295873
5,150,1,2554.4836877670987
5,180,1,2886.218518653576
5,10,0,1346.788221680094
5,10,1,1486.505867867345
5,120,1,2093.919079347144
5,0,0,1609.4436548475387
5,150,1,2358.7024780055667
5,10,1,1466.512185532894
5,30,1,1567.4113084898454
5,30,1,1910.624230989399
5,10,1,1573.1992252229306
5,45,1,2115.0981071085444
5,0,0,1414.4216510978465
5,150,1,2486.9713007063115
5,90,1,2492.4186989524455
5,120,1,2400.589891336771
5,90,1,1761.8915967014877
5,120,1,2181.733033370129
5,150,1,3093.828389026964
5,45,0,1957.2493282429198
5,30,1,1503.3833410986285
5,120,1,2470.9625532933496
5,150,1,2788.448615067392
5,180,1,2863.975163769413
5,45,1,1728.4945868079378
5,90,0,2099.170580719656
5,180,1,2970.607713484784
5,45,1,1764.9229754820553
5,150,1,2643.442472069465
5,180,1,2550.809317100188
5,45,1,2180.556813289849
5,10,1,1300.896509695555
5,90,0,1974.8284579649508
5,30,1,2000.0304658709551
5,45,1,1948.1855335161279
5,0,1,1627.198955373062
5,180,1,2818.983622171569
5,30,1,1769.901868469832
5,45,1,2028.016847985244
5,180,1,2813.145105540598
5,30,1,1776.5121990902344
5,120,1,2551.554793941119
6,30,1,1807.798245315357
6,90,1,2098.9024192372544
6,30,1,1640.5793995897372
6,120,1,2573.563333850875
6,90,1,2127.131729978114
6,180,1,2509.701584516311
6,10,0,1666.7847084645673
6,10,1,1977.4192606401512
6,90,1,2156.829303324945
6,120,1,2329.12309387473
6,30,1,1806.821170675538
6,180,1,2794.5753457864416
6,180,1,2655.443198364914
6,45,1,1757.0689641134127
6,10,1,1370.5086180651006
6,10,1,1651.382280953121
6,180,1,3095.8035497479236
6,90,0,2098.3225707780402
6,30,1,1641.0036053723609
6,0,1,1753.0728036459614
6,30,1,1670.2068971697367
6,0,0,1281.10044078365
6,30,1,1857.9029197103914
6,0,1,1405.8543011709571
6,120,1,2583.11458584745
6,0,1,1470.9734560430495
6,150,1,2685.42898055985
6,150,1,2329.2223791243678
6,120,0,2467.8698216990915
6,150,1,2421.8105113463125
6,45,0,2198.6023434173394
6,45,1,1980.1804427475
6,150,1,2419.3327575108533
6,30,0,1578.5508789317864
6,90,1,2437.269383669228
6,120,1,2463.0494637677175
6,0,1,1801.0152444269354
6,10,1,1457.6002379625859
6,0,1,1571.2939381873653
6,180,0,2620.0305743290833
6,120,1,2698.0753786666
6,120,1,2162.2375294417993
6,150,1,2724.2985822691735
6,45,0,1998.5594887220807
6,180,1,2782.4436286342016
6,45,0,2183.3746625675362
6,90,1,2301.5312195772085
6,90,1,2080.324036095305
6,90,1,2245.670885910078
6,90,1,1850.6021526949767
6,150,1,2476.330456852417
6,150,1,2633.9076768571904
6,180,1,2975.221987335837
6,180,0,3047.0693190612023
6,10,1,1587.3461623365604
6,180,1,2902.864422359928
6,90,1,1901.21392821777
6,120,1,2677.881607421321
6,30,0,1637.9780724225789
6,45,0,1669.5269344463086
6,45,1,2029.700669913735
6,180,1,2747.1306300383812
6,0,1,1589.84253986266
6,150,1,2642.307186046131
6,10,0,1687.15455783185
6,10,1,1609.842436608933
6,180,0,2545.0351252462488
6,45,1,1585.3621585227197
6,180,1,2970.8284601940704
6,45,1,1729.2835738451606
6,10,0,1712.6767017330899
6,150,1,2409.923168998706
6,120,0,2122.4037097107625
6,120,1,2484.817618463001
6,0,0,1126.3146936518851
6,0,0,1894.7330310878456
6,10,1,1571.9610941850217
6,45,1,1766.536667231778
6,30,0,1669.8614781221845
6,150,1,2488.4469424095932
6,30,0,1780.6830566668953
6,10,1,2035.0423343871407
6,0,1,1777.6583760133292
6,150,1,2821.304471975223
6,45,1,1672.4622897298018
6,10,1,1376.7253144377216
6,45,1,1793.2043629068696
6,120,1,2196.0610842446126
6,10,1,1274.6659326899573
6,120,1,2397.130601419225
6,180,1,2361.582906622649
6,90,1,1689.4207477880084
6,120,1,2417.5330185025127
6,180,1,2805.635633660882
6,45,1,1653.002070320446
6,90,0,2068.135806186648
6,30,1,1728.967080458389
6,0,1,1559.645688398602
6,30,0,1826.4873047242077
6,150,1,2417.318272086332
6,90,0,1882.1667901054143
6,0,1,1874.9106099211867
6,180,1,2894.377920333068
6,120,1,2271.883981815058
6,180,1,2666.9692492367553
6,0,1,1365.2637444618638
6,90,1,2161.1812785395705
6,0,1,1470.4233050195962
6,150,1,2785.105626430078
6,90,1,2125.4348215184723
6,120,1,2526.4703129226477
6,150,0,2511.4612742834574
6,0,0,1380.6725930930234
6,45,1,1853.3194598433115
6,45,1,1497.9124501256824
6,30,0,1399.471960759134
6,10,1,1676.677869257657
6,45,1,1504.239167950678
6,90,1,2175.3482481950564
6,10,1,1209.849251778496
6,30,1,1619.9595370889565
6,10,1,1607.509276225684
6,150,1,2359.0163034680686
6,150,0,2588.6215979688814
6,45,1,2054.0311539102204
6,10,1,1643.0144550215398
6,150,1,2666.425322774323
6,150,0,2567.106733833557
6,30,1,1293.9281903825959
6,180,1,2637.534501349167
6,0,1,1596.1620800620199
6,10,0,1415.4644001134309
6,45,1,1561.662958590939
6,120,1,2526.1088077298136
6,120,1,2510.741417358203
6,0,1,1504.9546684677914
6,120,1,2472.5335069555276
6,0,1,1470.4633196521534
6,180,1,2564.593262827575
6,150,1,2353.9916831936835
6,120,1,2435.962583890311
6,150,0,2555.3100044384955
6,45,1,1588.5250738233703
6,30,1,1647.0146552327067
6,45,1,1919.0301705212446
6,0,1,1971.978117946774
6,180,1,2757.25129336472
6,90,1,2150.1490015958993
6,0,1,1158.043041879196
6,30,1,1620.9205154786882
6,30,1,1364.4839565748644
6,10,1,1397.4993089535883
6,10,1,1201.577118858148
6,30,1,2022.7143777514616
6,30,1,1806.5743024554274
6,180,1,2637.331083326076
6,90,1,1896.7662117698953
6,90,1,2073.0222346581268
6,90,1,2115.669702671667
6,120,1,2309.492875936245
7,30,1,1414.2929831483764
7,10,1,1689.32552679923
7,30,0,1816.9656821123401
7,150,1,2314.3418346007165
7,90,1,1997.6728020109392
7,180,0,2736.3467702696094
7,180,1,2756.87431589382
7,30,1,1775.3184214640019
7,0,1,1635.7357569911655
7,90,1,2240.893841614789
7,0,1,1462.0480822319746
7,10,0,1620.6695029727764
7,180,1,2862.505055801006
7,90,1,2268.2380334059685
7,45,1,2283.4440581307267
7,10,1,1372.5879020589364
7,180,1,3061.706641863614
7,90,1,2565.9751181839347
7,45,1,1801.0925280073086
7,120,0,2220.9707338405274
7,45,1,2108.679623311644
7,120,1,2296.323657961508
7,0,1,1542.33147066966
7,90,1,1951.4905332133153
7,120,0,2262.791293676311
7,0,1,1587.365621667186
7,90,1,2220.4653434485754
7,150,1,2249.807600569533
7,0,0,1480.9881572859185
7,30,1,1725.5777673856012
7,150,1,2490.7262144737906
7,0,1,1460.9995403764192
7,0,1,1806.6569567073961
7,180,1,2773.5196170718627
7,90,1,2232.794466134802
7,0,1,1475.669296842463
7,120,1,2433.6004650390373
7,150,1,2210.9061204706813
7,120,1,2300.9942427666624
7,30,1,2146.7683624992337
7,30,1,1562.4386858847615
7,120,1,2130.411386278836
7,90,1,1813.0091566347396
7,180,1,2810.172870238877
7,45,1,1627.2929487856038
7,0,1,1643.834431536426
7,150,1,2437.8126968321653
7,30,1,1861.8025395525565
7,120,1,2319.3839881010545
7,120,1,2622.1407082460782
7,10,1,1851.2383414628139
7,0,0,1482.6024634185806
7,10,1,1613.643338267766
7,10,1,1863.898709470673
7,10,0,1126.0318186092845
7,120,1,2477.385328768714
7,45,0,2065.8368391255813
7,180,1,2673.327312047373
7,30,1,2012.1003346940004
7,120,1,2171.865730904936
7,150,1,2382.0498108680977
7,90,1,2185.2375567895187
7,90,1,2049.2414843008387
7,150,1,2662.6964886260876
7,120,1,2036.6145427795072
7,45,1,1581.1714361910704
7,45,1,1936.0048191514586
7,30,1,1693.423287470409
7,180,1,2753.4486224569555
7,0,1,1428.53983709735
7,90,0,2633.243660812272
7,45,1,1730.576170731519
7,90,1,2612.8712101651663
7,30,1,1622.2916022294694
7,10,1,1613.4989385570868
7,45,1,1716.706253381767
7,45,1,2017.420463562646
7,150,1,2686.7033455447254
7,150,1,2569.9786097679093
7,30,0,1923.4611664121232
7,150,1,2643.988648024006
7,150,1,2436.894326669942
7,0,0,1692.7847928930594
7,180,1,3051.378573792716
7,10,1,1325.6252273938649
7,90,1,2462.2708843942537
7,45,1,1620.3751877629045
7,45,1,1656.487429707727
7,30,0,1615.6788966973065
7,45,1,1755.9809035955104
7,90,1,2161.79244387901
7,180,1,2871.383792011595
7,180,1,2797.8663049212296
7,180,1,2280.3054273931284
7,150,1,2787.4528926561798
7,10,1,1555.0442779849632
7,0,0,1779.563790710823
7,150,1,2808.5736528974753
7,180,1,2400.9340286003235
7,90,1,2106.694032682475
7,30,1,1990.301169259056
7,10,1,1466.3638052914741
7,0,1,1569.1587575260114
7,120,1,2382.287328313537
7,150,1,2785.8853080935583
7,180,0,2696.9764999195536
7,180,0,2717.989107990685
7,90,1,1914.8278457525641
7,45,1,1896.0659057786997
7,90,1,2242.966360539424
7,10,1,1807.3712762039265
7,120,1,2378.46230591058
7,10,0,1748.5806818970887
7,120,0,2407.2407594234096
7,30,1,1731.086405002768
7,120,1,2413.156340523557
7,30,0,1671.9038982297213
7,10,1,1486.0485410551144
7,150,1,2572.9980654125943
7,45,0,1989.8905995723671
7,180,1,2772.854928681321
7,30,1,1651.1059802458512
7,150,1,2180.6056389446385
7,0,1,1480.5963138765062
7,45,1,2020.355150411308
7,90,1,1739.2119701549484
7,0,1,1661.7644005071415
7,30,1,1643.560462616727
7,90,0,2132.647076173772
7,120,1,2438.4097742714634
7,10,1,1590.4863869836138
7,0,1,1018.4193990503186
7,180,1,3093.186440244035
7,10,1,1455.3796241393975
7,120,0,2055.8140529307825
7,10,1,1399.6329117105442
7,90,1,2321.354484651578
7,45,1,1817.1943985096757
7,45,1,1562.384143803455
7,180,1,2940.1524216101297
7,10,1,1592.6387013861786
7,10,1,1397.0447683252228
7,150,1,2502.7842873066265
7,120,1,2265.290822961073
7,0,1,1190.3905803320904
7,150,1,2813.9440021297087
7,30,1,2134.320446964321
7,45,1,1896.034014738562
7,45,1,1608.0830900695157
7,120,0,2207.517919488615
7,0,1,1291.9020200030006
7,150,0,2634.0994518290754
7,180,1,2806.194362304811
7,180,0,2749.030047076403
7,10,1,1345.3842052849548
7,120,1,2377.548927592488
7,150,1,2405.9405525890606
7,0,1,1528.3770397705034
7,30,1,1889.8886553651912
7,30,1,1615.3210998828924
8,180,1,2850.7387381083245
8,45,0,2201.820713043395
8,180,1,2182.1170972063173
8,150,1,2493.0135690635884
8,150,1,2367.0385230043094
8,45,1,1673.0118874392392
8,0,1,1538.1213797866199
8,90,1,2012.2565286619958
8,180,1,2426.32961425352
8,45,1,1959.7514192310532
8,90,1,2060.78515839321
8,0,1,1432.3482174330231
8,10,1,1591.7135142343416
8,90,1,1813.0717301866086
8,180,1,2658.7296486291534
8,120,1,2078.864757572447
8,30,0,1748.027251522205
8,0,0,1469.1767703162875
8,120,1,2154.6191687576875
8,30,1,1635.7934002005527
8,120,1,2218.301254319455
8,150,1,2669.934364511841
8,120,1,2149.701347358982
8,90,1,2139.9129250371407
8,30,0,1797.679776824195
8,120,1,2302.64535787637
8,0,1,1453.6245700121992
8,150,1,3084.720563792238
8,30,1,1736.5537908064948
8,30,1,1866.0867160756845
8,120,1,2496.410734861933
8,30,1,1770.6680362204613
8,0,1,1733.965875125211
8,120,1,2230.256908843381
8,0,1,1901.0376629791847
8,180,0,2917.49114324995
8,45,1,1841.0849546080474
8,90,0,2184.8376632669188
8,10,1,1095.7447174487409
8,120,1,2426.0140780864244
8,0,1,1774.5776010343466
8,30,1,1478.6843798225125
8,45,1,1977.2557047916782
8,10,1,1337.523123531615
8,0,1,1699.3395312600644
8,180,1,2640.885604762059
8,150,1,2450.1975960036993
8,150,1,2288.3344571987946
8,90,1,1769.3094868610922
8,30,1,1548.8361825898617
8,10,1,1394.4533932756672
8,45,1,1905.0914154918235
8,180,1,3105.380664958203
8,30,1,1627.8639101692515
8,180,1,3091.460158722181
8,180,1,2466.383599013671
8,180,1,2391.9895809069494
8,45,1,2009.2164329845778
8,10,0,1608.4899663074195
8,10,0,1703.0669771309836
8,45,1,1684.5123215811864
8,90,0,2197.223142169714
8,90,1,2203.7863533069026
8,10,1,1585.666749937021
8,180,1,2912.9484601269073
8,180,1,2454.6361334165167
8,120,0,2258.272023548217
8,10,1,1455.887107964017
8,10,0,1659.0566160340659
8,30,1,1492.2965756759295
8,120,1,2457.0974196573184
8,30,1,1473.8260337873085
8,30,1,1606.1218976763332
8,90,1,1999.4708031510925
8,45,1,1549.3034826457322
8,150,0,2642.010487125353
8,30,1,1674.5607089276655
8,10,1,1801.976217145093
8,45,1,1915.1451811431734
8,90,1,2095.036311689271
8,150,0,2802.5701743389523
8,120,1,2351.6828856686234
8,45,1,1844.7375871331644
8,0,1,1658.8314435132095
8,150,1,2715.7453886552184
8,120,1,2393.658124078051
8,150,1,2489.2323910115792
8,10,1,1703.9038972332967
8,0,1,1731.9236353947879
8,30,1,1683.3474559695392
8,120,1,2230.79945072737
8,180,0,2795.722281833771
8,120,0,2244.8319736210756
8,120,1,2054.991229265925
8,180,1,2687.2078321229874
8,120,1,2270.9033982002543
8,0,1,1810.4206120267272
8,120,1,2504.091699376004
8,10,1,1989.7762399101202
8,150,1,2676.600331537853
8,90,1,2205.203555697465
8,180,0,2725.2943599875207
8,45,1,1979.1258447537684
8,150,1,2799.2411099460605
8,10,1,1522.07468906663
8,150,1,2191.6942097287456
8,10,1,1728.8439505229185
8,150,1,2839.586574625372
8,150,1,2572.5099196513615
8,180,1,2475.9400682106425
8,120,0,2280.1230111656146
8,0,1,1490.1149483220584
8,0,1,1758.2193754153816
8,0,0,1720.0336902116035
8,0,1,1521.9809642931639
8,45,1,1925.73276197637
8,30,1,1617.2694354953953
8,180,1,3150.950084991454
8,90,1,1916.860030784577
8,90,1,1986.217715744763
8,10,1,1598.4158910249678
8,90,1,2214.410346588922
8,0,1,1437.477272678519
8,180,1,3038.314573405445
8,120,0,2352.6490210464813
8,0,1,1224.2762305836125
8,45,1,1675.9892501690629
8,0,1,1844.7487299611078
8,30,1,1885.258774187348
8,30,1,1421.1391823554547
8,150,1,2606.24797704667
8,10,0,1408.5772047831113
8,90,1,2264.8071507673285
8,45,1,1881.0146816362542
8,45,1,1496.8003442059876
8,90,0,2439.386079886519
8,90,1,2190.424596861313
8,45,1,1434.6165835699308
8,10,1,1566.4521543249439
8,30,1,2023.096515921111
8,10,0,1764.3027304589573
8,30,1,1561.2175023798497
8,0,1,1212.9882540917008
8,150,0,2538.6308022157946
8,30,1,2066.9441678441394
8,0,1,1210.4676113218457
8,120,1,2307.233432961719
8,90,0,2288.472971970649
8,90,1,2286.7805051367905
8,150,1,2545.9118242797995
8,45,1,1589.174815791038
8,180,1,2746.1150697131866
8,90,1,2359.092742432401
8,45,1,1813.898210598707
8,180,1,2721.87536215135
8,150,1,2632.5702516491037
8,150,1,1912.9187629997698
8,10,1,1676.9355934918667
8,45,1,2081.7466818563457
8,10,1,2104.672210274325
9,0,0,1375.8690221803924
9,30,1,1714.4794590951353
9,180,1,2774.958436023571
9,120,1,1953.2295134290548
9,45,1,1744.0752137789775
9,10,1,1939.8961271092
9,45,1,1852.4436625235276
9,120,1,2298.972035767862
9,90,1,2485.346430701624
9,0,1,1370.8986535325196
9,45,1,1673.1318960941705
9,150,1,2227.7662348450312
9,180,1,2684.949793841333
9,30,0,1775.3701229677279
9,150,1,2804.984129036007
9,180,1,2761.644543196692
9,90,1,2055.077590235331
9,90,0,2537.6531012140204
9,0,1,1506.9576222078117
9,120,0,2234.580256038523
9,120,1,2205.53102598295
9,30,1,1984.4835287499577
9,180,1,2366.986240119719
9,30,1,1705.1328424979215
9,90,1,2066.8065487357067
9,120,1,2574.3209359283114
9,45,1,1519.326345059536
9,90,1,2356.1433833681226
9,45,1,1728.8673056282119
9,10,1,1688.1125284458162
9,10,1,1487.1471530153444
9,150,1,2392.5706067928486
9,45,1,1603.0307454274714
9,180,1,2947.8822537951737
9,30,0,1681.3799413211348
9,0,1,1432.8769311691942
9,150,1,2556.058037641805
9,45,1,1787.2492959310543
9,30,1,1733.9788757661872
9,120,1,2307.896426183638
9,120,1,2092.2428519355635
9,0,1,1583.156046044028
9,90,1,2471.598405706243
9,90,1,2334.5015949429817
9,0,1,1369.840776936248
9,30,1,1558.086831195681
9,10,1,1671.1794590899099
9,120,0,2277.707408810354
9,90,1,2321.145168638583
9,45,1,1899.7667214976232
9,150,1,2704.2036003693734
9,150,0,2584.8189581659503
9,180,1,2697.7536532025483
9,30,1,1509.2766857517386
9,0,1,1358.971720174756
9,30,1,1813.3259592395873
9,120,1,2298.1574401748785
9,120,1,2651.212798344699
9,10,1,1430.9059255927982
9,180,1,2602.473531203455
9,0,0,1474.2877297381729
9,150,1,2045.8788623634357
9,150,1,2648.643644330471
9,180,1,2630.3473700349705
9,180,1,2698.6924100488745
9,30,1,1796.1587967902094
9,10,1,1372.2629240536667
9,120,1,1847.5015289569703
9,120,1,2521.404869187286
9,180,1,2862.844256900825
9,0,1,1664.4321399801645
9,10,1,1442.9560959184405
9,45,1,1608.7490629006843
9,180,1,2650.719978027139
9,150,0,2367.111980609654
9,150,1,2816.839095430871
9,30,0,1819.4922289234337
9,45,1,1846.8333019544266
9,150,1,2687.3624303568868
9,45,0,1904.603557997192
9,10,1,1628.7324368632187
9,30,1,1550.5965537435318
9,0,1,1829.888671142087
9,0,1,1464.6284107710926
9,10,1,1476.7257542473037
9,150,1,2605.718131772751
9,150,1,1985.9919706350438
9,45,1,1807.2617295758926
9,90,1,2026.2775940140457
9,45,1,2019.4286807883109
9,180,1,2651.403122980687
9,180,0,2838.2521411061603
9,30,1,2018.5085244651527
9,10,1,1539.8195001810432
9,120,1,2307.7359264670517
9,180,1,2995.621090666726
9,180,1,2695.6257750421037
9,30,1,1689.6844138524527
9,0,1,1568.8945487085243
9,0,1,1434.3560038989237
9,45,1,1925.054537833889
9,0,1,1319.2578710172513
9,150,0,2575.5461387932655
9,10,1,1540.6024979496572
9,90,1,2129.862061982313
9,0,1,1693.2326488849883
9,150,1,2626.9597309906694
9,45,0,2004.0760819527413
9,90,1,2174.5970617409985
9,0,1,1525.8384945691012
9,10,1,1629.764715524137
9,0,1,1566.5927648624258
9,10,1,1630.5413549951877
9,90,1,2062.0090511008184
9,150,1,2337.591296001418
9,90,1,2046.6941200048384
9,180,1,2578.3893755764307
9,180,1,2489.5280077055213
9,0,1,1554.829005980309
9,45,1,1982.439682324047
9,120,1,2501.449999079342
9,90,1,2013.5370483025556
9,90,1,2197.0119592001297
9,0,1,1385.0290562275372
9,150,0,2411.905482982281
9,180,1,2614.687333338038
9,30,1,1982.6002049742096
9,10,1,1615.442477418666
9,30,1,1909.737847789051
9,10,1,1454.4129138903925
9,150,1,2374.508834626679
9,120,1,2269.4546013849936
9,120,1,2563.11486247216
9,180,1,2679.887844478269
9,10,1,1551.0062812464416
9,10,1,1817.6584047935874
9,90,1,2121.6605519486534
9,45,1,1738.872151210262
9,30,1,1276.612530871886
9,150,1,2235.5452281749604
9,90,0,1743.2573844866347
9,120,1,2166.0294109539186
9,0,1,1416.6036452491935
9,45,1,2137.477563150274
9,30,0,1656.2446071235743
9,150,1,2678.8564889799036
9,45,1,1957.571971516891
9,90,1,2009.5078750356442
9,10,1,1359.9902443459248
9,120,1,2541.259998989925
9,120,1,2042.8836796639303
9,90,1,2355.3038426630774
9,30,0,2082.483122534798
9,10,1,1573.0286267259567
9,45,1,1878.1969345761684
9,10,0,1863.2753027298436
9,90,1,1631.1734016675448
9,120,1,2317.7835403358986
9,30,1,1662.5489622615914
9,180,1,2834.8090933230565
10,0,0,1580.6656129873593
10,45,1,2018.2445755730516
10,150,0,2734.831962932904
10,45,0,1696.4157046998655
10,30,1,1652.6794119652209
10,150,1,2723.165135269411
10,0,1,1014.0418965444258
10,150,1,2259.3083841046214
10,120,0,2408.8726081856994
10,150,1,2575.149773963714
10,120,0,2339.625639767718
10,180,1,2651.698634134468
10,120,1,2690.1099031807153
10,30,1,1623.128401971976
10,120,1,2225.772832380172
10,0,0,1734.1100714867978
10,150,1,2469.0570167881906
10,45,1,1771.0288783065682
10,90,1,2327.841780537593
10,120,0,2002.5959042745749
10,120,1,2278.5816211870583
10,120,0,2303.863427752147
10,10,1,1065.7868160299026
10,45,1,2038.2844775618803
10,10,1,1766.503944375769
10,45,1,1940.494267020727
10,30,1,1684.3392484062967
10,30,1,1766.4579115875317
10,45,1,1825.1879546944244
10,30,1,1692.041256102901
10,150,0,2305.879084512469
10,90,0,2225.77743178198
10,30,1,1393.0122218270214
10,30,0,1506.5520709846985
10,10,1,1633.0570302580338
10,10,1,1700.0110080274744
10,120,1,2332.7362931660505
10,180,1,2831.332653085276
10,180,0,2651.416950738631
10,10,1,1645.4088005881547
10,10,1,1637.4553125906862
10,10,1,1349.5261437756178
10,150,0,2299.3316640364437
10,90,1,2132.1055598111175
10,45,1,1759.720573510471
10,180,1,2912.853634864994
10,0,1,1674.797838739761
10,0,1,1451.8109894792435
10,150,1,2720.5176786865372
10,120,1,2722.083957783855
10,90,0,1864.00491815585
10,45,1,1367.4569807972707
10,180,1,2427.6519853459577
10,120,1,2223.9103978249796
10,0,1,1783.1678616581862
10,45,1,1810.9016399878205
10,180,1,2924.1379057418926
10,150,1,2673.88327915874
10,0,1,1664.247693518125
10,120,1,2400.2741571249758
10,150,1,2459.39844994825
10,30,1,1530.9932605304452
10,10,1,1418.3582990052007
10,45,1,1814.0878580672045
10,120,1,2604.6449013413235
10,10,0,1579.8152101630035
10,120,1,2011.3716693194974
10,0,1,1670.5763180452198
10,90,1,2010.6258054097082
10,45,1,2069.366902205529
10,90,1,2154.869030562846
10,180,1,2874.341907585698
10,0,1,1427.1099051217482
10,30,1,1790.0137704554033
10,30,1,1939.4120763232838
10,90,1,2092.0450056865084
10,0,1,1802.655899183876
10,10,1,1271.40053001072
10,90,1,2219.8505330716625
10,10,0,1599.8174696657964
10,150,1,2750.552088089363
10,10,1,1877.968212428632
10,150,1,2471.169968250059
10,0,1,1411.2557092760087
10,120,1,2167.2674313118796
10,90,1,2221.5089629387853
10,150,1,2713.7891168517203
10,30,1,1840.212584119349
10,30,1,1789.7575030677976
10,30,1,1950.802062084731
10,90,1,2203.1786795664343
10,30,1,1712.418855185831
10,45,1,1752.6158248680176
10,10,1,1453.2244384250928
10,150,0,3029.881853639001
10,120,1,2191.6883730982117
10,45,1,1689.2308180777877
10,0,1,1451.8004385375004
10,10,0,1381.925535613479
10,180,0,2399.6930024614026
10,180,0,2743.1023252461073
10,0,1,1542.2302774800883
10,30,1,1651.9550051038707
10,180,1,2848.494411926342
10,45,1,1984.9937000570415
10,180,1,2598.2510896974827
10,10,1,1409.91529664299
10,150,1,2770.923790748356
10,150,1,2615.3312789136303
10,90,1,2273.556237509549
10,180,1,3184.617731029689
10,180,1,2846.9320094537406
10,30,1,1833.4843076783995
10,90,1,2073.3469133447147
10,0,1,1587.1027134519748
10,0,1,1469.4653653631171
10,180,0,2739.3206203267687
10,30,1,2149.5091678096805
10,30,1,1413.6331840430298
10,180,1,3233.9022161199628
10,90,1,1909.731101309612
10,0,1,1650.8441220217564
10,120,1,2295.675017036712
10,150,1,2549.481007717174
10,0,1,1674.7344395139432
10,45,1,1872.202439141582
10,90,0,2409.170460950439
10,120,1,2170.020617268749
10,180,1,2713.72607277125
10,150,1,2340.0752189985446
10,90,0,2300.8686400585075
10,120,1,2437.689077616939
10,90,1,2249.9536182460433
10,0,0,1543.7798502528608
10,10,0,1952.7994059772436
10,0,1,1647.4220972349713
10,45,0,1814.830693247995
10,180,1,3044.570236254538
10,10,0,1639.6571380069947
10,30,1,1766.5836460123658
10,90,1,2352.397749334235
10,0,1,1411.349044268543
10,90,1,2155.264665322974
10,180,1,2448.684465442803
10,150,1,2478.581104951264
10,10,1,1371.2080660872891
10,150,1,2580.540512938837
10,180,1,2867.31616437237
10,45,1,1917.220872425336
10,180,1,2676.480957401156
10,120,1,2198.439153982004
10,45,1,1993.5442084955394
10,90,1,2242.623258314718
10,45,1,1811.2560846325496
10,30,1,1454.4358794334237
10,90,1,2238.353722046324
10,120,1,2327.47506897779
10,45,1,2119.8642671548982
10,10,1,1783.209938463264
10,10,1,1272.008344322869
